file,chunk,top_label,top_score,negative,neutral,positive
test_long_article.txt,1,negative,0.6181843876838684,0.6181843876838684,0.3573303520679474,0.024485301226377487
test_long_article.txt,2,neutral,0.50445157289505,0.4317437410354614,0.50445157289505,0.06380472332239151
test_long_article.txt,avg,negative,0.5249640941619873,0.5249640941619873,0.4308909773826599,0.04414501041173935
test_negative.txt,1,negative,0.9171810150146484,0.9171810150146484,0.07671374827623367,0.0061052837409079075
test_positive.txt,1,positive,0.952205240726471,0.003092758124694228,0.044702041894197464,0.952205240726471
